{
  "auc_hbo": 0.78200954861111094,
  "auc_hbr": 0.85481770833333326,
  "auc_joint": 0.86414930555555558
}