{
  "auc_hbo": 0.75455729166666652,
  "auc_hbr": 0.83908420138888862,
  "auc_joint": 0.85004340277777768
}